channel_id,public_name,genre,views,estimatedMinutesWatched,subscribersGained,comments,likes,dislikes,total_subscribers,views_subs,likes_dislikes
UCvpHzqdDr1zvtaW8BaVegzw,oficialzodiacs,rock,16.0,25.0,3.0,0.0,0.0,0.0,22,5.333333333333333,0.0
UCYXCt3TYSfZHgxjXUVN8wTA,JXN,pop,9571.0,17124.0,665.0,10.0,238.0,11.0,9380,14.392481203007518,21.636363636363637
UChOQUXRRV04p9nDJmfuX9pA,Navet,dance,285.0,381.0,1.0,0.0,5.0,0.0,28,285.0,0.0
UCHpttVC36T04Tt6CFTk04xg,chiodos,metal,4808.0,4914.0,4435.0,9.0,84.0,4.0,31100,1.0841037204058626,21.0
UCnSR7_Oq-MdsZxfogsfk-Ug,Tommy Boy,urban,522052670.0,1463708327.0,677196.0,137116.0,5014420.0,151296.0,1970000,770.9033573736407,33.14311019458545
UCBbNLJYfHtvr0oL6KGTD5Jg,JamesBluntVideos,pop,116788.0,236762.0,10.0,95.0,1846.0,29.0,1920,11678.8,63.6551724137931
UCTTLucQxeyeIVN2wvoq4VKA,Just Good Entertainment,pop,127711.0,385581.0,192.0,36.0,854.0,23.0,2940,665.1614583333334,37.130434782608695
UC0YlhwQabxkHb2nfRTzsTTA,Galantis,dance,114312913.0,264817931.0,236301.0,48737.0,1374339.0,43679.0,3540000,483.75975133410356,31.46452528675107
UCoGbSChtzhQ4r1toYPmeiSA,Hayley Williams,pop,9412769.0,24265846.0,73510.0,10897.0,248371.0,2603.0,415000,128.04746293021358,95.4172109104879
UCQWrm870Bjve47na1kpRC8A,Libatiba Kinderlieder,pop,260686.0,519529.0,403.0,0.0,778.0,310.0,830,646.863523573201,2.509677419354839
UCv7lvPHrCG7TbnzUMdyF_hw,Edyta Bartosiewicz,pop,0.0,0.0,6.0,0.0,0.0,0.0,892,0.0,0.0
UCa6SeA6ndz5qCDKe9i8Uz2w,Antonio Rico,urban,0.0,0.0,86.0,0.0,0.0,0.0,2980,0.0,0.0
UClKo_3cywEwAUssQlgj4zTw,NeverTheStrangers,pop,186894.0,472934.0,1086.0,301.0,1825.0,37.0,11000,172.0939226519337,49.32432432432432
UCEiMth-oNMR8W9l7eyXrnyg,kawakamidaisukeTV,pop,7486.0,18233.0,50.0,4.0,35.0,5.0,505,149.72,7.0
UCbZZxHNd2xuy6oJw3lM11sg,The Darcys,pop,398857.0,798824.0,553.0,128.0,1465.0,67.0,2530,721.2603978300181,21.865671641791046
UCtcCOffN9YQdP6ntldTrsjg,MudcrutchMusic,rock,278408.0,937203.0,822.0,108.0,2620.0,179.0,5490,338.69586374695865,14.636871508379889
UC8_4ZdprsI28CvLr_nbBDHw,Smolasty,urban,107816340.0,230129585.0,174082.0,26974.0,1078626.0,106929.0,684000,619.3422639905332,10.087310271301519
UC1qOCLTkxjoNo1zbcFCPG7g,XiuXiuForLife,rock,508849.0,1146846.0,8319.0,949.0,19976.0,263.0,17600,61.16708739031134,75.95437262357414
UCaJcr5F3KupZHec-5CGRV0A,White Reaper,rock,651824.0,1778951.0,2276.0,304.0,6686.0,403.0,12100,286.39015817223196,16.590570719602976
UCvqi_H233DRcm9t2axrIKnw,OPENSIDE,pop,39886.0,77995.0,361.0,10.0,432.0,41.0,5480,110.48753462603878,10.536585365853659
UCY5y3Lg1fliZ5QDP6rvi2Mg,Adi Kowalski,pop,,,,,,,77,0.0,0.0
UC6aiCXg-0lUI19zJFrXpg6w,Alvaro Laguna,rock,111.0,245.0,2.0,0.0,1.0,0.0,22,55.5,0.0
UCbVdcdBeOBReaB_AoeOW2hg,Cukierki,dance,19477.0,43439.0,96.0,11.0,186.0,10.0,1770,202.88541666666666,18.6
UCYVUwUWeq7G5ogRGCuHVmxg,Carminho,latin,644307.0,1708383.0,4981.0,221.0,8703.0,198.0,33400,129.35294117647058,43.95454545454545
UCTGvupQMw-IokKJ6U9zFgjQ,Shoreline Mafia,urban,140639463.0,312591920.0,179846.0,11662.0,980595.0,30132.0,1140000,781.9993939259144,32.54330943847073
UCRKBOPAbUEumhOJW9PlKAhw,Mallory Merk,rock,673864.0,1422690.0,913.0,289.0,2579.0,172.0,1940,738.0766703176341,14.994186046511627
UCow6kMXkOlu6VY9uOE5lTxg,Lil James,urban,13266.0,23915.0,136.0,12.0,223.0,7.0,1790,97.54411764705883,31.857142857142858
UCLkwcZLUexrl-BTvfwxyYjQ,Lyrics On Lock - Urban,urban,9175191.0,20199356.0,17366.0,2743.0,180287.0,6013.0,64800,528.3422204307267,29.982870447364043
UCUQ3N8hKKJk_Wnbb2dsYUGg,Wally Lopez,dance,460245.0,1147895.0,14.0,103.0,4560.0,121.0,6230,32874.642857142855,37.68595041322314
UCDKogJlTzFcRdMyYFb3KZjw,Vicky Shu,pop,327363.0,683339.0,1699.0,182.0,2792.0,164.0,9260,192.67981165391407,17.024390243902438
UCnLCCQe68LpSPWIwm-Dx14w,Alcatrazz Official,rock,305188.0,589086.0,1707.0,976.0,7784.0,368.0,4720,178.78617457527827,21.152173913043477
UCXs7VmyrfBHw44yduDJ0U7w,LEISURE,rock,1560447.0,5321308.0,9487.0,697.0,37433.0,523.0,22900,164.48266048276588,71.5736137667304
UCUu3CLnqUmc_8kyYZAt6rDQ,wbrnashville,country,173513.0,463520.0,545.0,147.0,2094.0,260.0,5780,318.37247706422016,8.053846153846154
UCNKQVWHxLcKbyJG_-P3emBQ,towatei_channel,pop,,,,,,,0,0.0,0.0
UCON3o22TD7h3hX2spFvbOWQ,Fatal Bazooka Officiel,urban,542076.0,1235744.0,67.0,150.0,9135.0,278.0,72100,8090.686567164179,32.85971223021583
UCme6zy7-Y6cnxKYh6HvLwbw,Mina Caputo,metal,39543.0,106895.0,287.0,46.0,480.0,24.0,3480,137.78048780487805,20.0
UCDafekoVSt9sbipi9bFH_yg,CuckooLander,rock,5109.0,5194.0,62.0,3.0,60.0,6.0,830,82.40322580645162,10.0
UC0-vndvhkXZqTjjodl_LLTg,ZazaFournierOfficiel,pop,106268.0,266934.0,281.0,27.0,839.0,27.0,3000,378.1779359430605,31.074074074074073
UCOQJrPbVvVZhfrXIxEDoGxg,Bananarama Videos,pop,,,,,,,0,0.0,0.0
UCNp7bm10YsCDp4RAyKQrDkg,Jerome Van Den Hole,urban,1515.0,1834.0,18.0,3.0,18.0,1.0,89,84.16666666666667,18.0
UCjYu10yhatNOnpNF-02pO0Q,Norah Benatia,urban,0.0,0.0,2.0,0.0,0.0,0.0,22,0.0,0.0
UCj2B7n23OCnEhcUkPwUAsJA,weashumantv,rock,157464.0,375278.0,1838.0,40.0,2283.0,95.0,18100,85.67138193688793,24.03157894736842
UCGDeDXhtQAE_KEh8B5MtjFw,Warner Music Colombia,latin,49438.0,46897.0,163.0,36.0,448.0,51.0,7000,303.3006134969325,8.784313725490197
UCgT-HrM0_H2LHdo34o-TdRA,Walls,pop,11573054.0,30765594.0,669.0,6243.0,223000.0,2201.0,237000,17299.03437967115,101.31758291685597
UCE3-qhE90QcI2nrLskjIojQ,Michael Calfan,dance,259220.0,529816.0,1886.0,77.0,2848.0,221.0,42200,137.44432661717923,12.886877828054299
UCC1wcYyx5vHHVuCFE1sYazA,Nyno Vargas,urban,56636417.0,149201628.0,82230.0,24510.0,385494.0,19023.0,607000,688.7561352304512,20.264627030436838
UCORbV-zQhekaheFvcrDcBgg,Mixtapes,rock,34987.0,30159.0,167.0,28.0,1037.0,19.0,2030,209.50299401197606,54.578947368421055
UCxx57zbY9EMeKPPpBJ1Bt5A,ToutVaBien,pop,28998.0,59163.0,114.0,17.0,277.0,16.0,1750,254.3684210526316,17.3125
UC5zs1W8-iIni1LR47i5vXcA,attheskylinestv,rock,5241.0,11686.0,32.0,8.0,108.0,3.0,354,163.78125,36.0
UCBQppeNrqfWkgsGGK--raJw,Thom Artway,pop,54119.0,115193.0,244.0,10.0,418.0,40.0,9120,221.79918032786884,10.45
UCEFNzT2RoVqGkV4e3Osyx4A,piso21music,pop,656669342.0,2042977844.0,620147.0,35229.0,2823581.0,104699.0,7380000,1058.8930398760294,26.968557483834612
UCcZsAfdEfN1UwMtoyNMTORw,Kaia Lana,pop,8364090.0,14027569.0,126209.0,4398.0,368572.0,3199.0,125000,66.27173973329953,115.21475461081587
UCPEDmjFev-7xXuV1vTAE7Pw,LiigaMusicOy,urban,7834743.0,21623611.0,3880.0,1273.0,28390.0,2394.0,154000,2019.2636597938144,11.858813700918963
UC6ISn5wC5Zt_rgzsCX81wVw,Pacific,latin,668.0,1236.0,6.0,0.0,16.0,1.0,31,111.33333333333333,16.0
UCdNmSqBXH6xFvNK61i0K-qQ,DOWN,metal,1277074.0,3550957.0,11347.0,413.0,15727.0,640.0,49200,112.54728121970565,24.5734375
UCXzV-iv6cbua5gTyv-vY3Tw,Absofacto,pop,8967990.0,24982198.0,24567.0,1751.0,160011.0,1753.0,145000,365.04212968616434,91.27837992013691
UC2jRBmlh3zG1l2wPXRpA-zQ,Lykke Li,pop,826745.0,1678636.0,3389.0,507.0,28559.0,255.0,9060,243.9495426379463,111.99607843137255
UC9h4PGPRsxAJmYM84k55sDA,Az Chike,urban,4802490.0,8943509.0,9446.0,1960.0,86483.0,2250.0,40100,508.41520220199027,38.43688888888889
UCFvA-BA1RCkRAoqED6iTfQA,goldtyphoonmusichk,pop,15475.0,48458.0,84.0,5.0,62.0,1.0,7320,184.22619047619048,62.0
UC3_wlMNxKBG4c_P39zFH6Hw,KREAM,urban,20730632.0,108612147.0,57361.0,9073.0,323000.0,6618.0,92400,361.4063911019682,48.80628588697492
UCr8NEWXyE_ZT_rdaRhYJFAA,Kazik,pop,0.0,0.0,2.0,0.0,0.0,0.0,3290,0.0,0.0
UC5D88arpFur8ofARcvZM4XA,JFDR,rock,132368.0,327578.0,1452.0,845.0,2502.0,50.0,5540,91.1625344352617,50.04
UCmZF52VN_BTyPeZXGJAy4TQ,oficialbelenmoreno,pop,37068.0,88404.0,141.0,18.0,347.0,19.0,4230,262.8936170212766,18.263157894736842
UC9Pj95_teh76aFkE909z9lA,Suara Kayu Official,pop,7696292.0,19035140.0,54119.0,4193.0,165944.0,1983.0,75500,142.2105360409468,83.6833081190116
UCqNIXmETKXFMjOeVaI9OVOw,Los Secretos,latin,6970559.0,19096385.0,239.0,687.0,27569.0,2151.0,39900,29165.518828451884,12.816829381682938
UCkEbimXpxJ1E-q8VcV9S3tw,Trijntje Oosterhuis,pop,55787.0,107591.0,1758.0,7.0,646.0,22.0,6620,31.733219567690558,29.363636363636363
UCLN-YTnK_48R0ZikVjQs5jQ,CrossroadsGuitar,rock,2428117.0,11249473.0,3640.0,327.0,17115.0,702.0,30100,667.0651098901099,24.38034188034188
UCOnQA6eEYbZciI33OX4sY9Q,NataszaUrbanska,pop,0.0,0.0,1.0,0.0,0.0,0.0,394,0.0,0.0
UC8nidfOKkcgpO6tfc9OSdBQ,OWSLA,dance,123742393.0,216682120.0,253860.0,17413.0,973412.0,103227.0,2280000,487.4434452060191,9.429819717709513
UCSLQKylf_bibeVwMnBO1MRg,All Time Low,pop,24097899.0,61628629.0,103388.0,6438.0,297591.0,6152.0,594000,233.08216620884434,48.37304941482445
UCwz27-w-tKfggAAMHfPv87A,Sanna Nielsen,pop,2961888.0,6032357.0,13900.0,1058.0,53813.0,1090.0,107000,213.08546762589927,49.3697247706422
UCAHVrt4GYU5lmFwJun1iSDA,Tegan and Sara,pop,3648045.0,9440616.0,14340.0,1810.0,47936.0,1133.0,291000,254.39644351464435,42.30891438658429
UCUEbHDslJapXJqPNkVOI0ag,Harlem,rock,234807.0,641304.0,449.0,68.0,1427.0,81.0,2230,522.9554565701559,17.617283950617285
UCeXZ2XJVOPka_GiaFUdOLvA,Bleeding Gods,metal,368.0,498.0,26.0,0.0,7.0,0.0,264,14.153846153846153,0.0
UCoHwisHb57mjyyNz5pLB8tg,Léa Paci,pop,1123983.0,2732568.0,3082.0,379.0,8804.0,353.0,46900,364.6927319922128,24.940509915014164
UCYoYzoVWJGImZdL1ctdPlHg,Thomas Official,pop,40003.0,64749.0,535.0,13.0,386.0,9.0,31900,74.77196261682244,42.888888888888886
UCw7r-Mlc2hBm16k5Sw6rDUQ,MarieMaiOfficielFR,pop,107566.0,252965.0,193.0,12.0,587.0,26.0,5280,557.3367875647668,22.576923076923077
UC64i_jBk-Z5M2L67X98-ReQ,Brandon Jenner,pop,248183.0,596945.0,1905.0,616.0,4560.0,66.0,14900,130.27979002624673,69.0909090909091
UCm09uYWfEygr5gWjDm9xmUA,Rod Stewart,rock,133859919.0,405490285.0,810996.0,29627.0,1138315.0,47013.0,2960000,165.05620126363138,24.212770935698636
UCP1b9jYyEqiNhJi4GqYdovw,Warner Music México,latin,700423923.0,2082628880.0,669761.0,97811.0,4098421.0,162080.0,4130000,1045.7818878674632,25.28640794669299
UCTyhC0OHQrywY5RjqH9R62g,Paula Cendejas,urban,1913403.0,4718140.0,6176.0,726.0,27971.0,523.0,108000,309.81266191709847,53.48183556405354
UCW5bPOVKOxDBNlIQBacw6Ow,The Amity Affliction,metal,16920154.0,51100553.0,35168.0,4722.0,172707.0,4244.0,369000,481.12357825295726,40.694392082940624
UCPMprzST1CU3Y16lsyDeyzQ,Okta Logue,rock,32095.0,121400.0,177.0,33.0,418.0,10.0,1900,181.3276836158192,41.8
UCbOmdGuNF-dUQsIN_BO9JTw,WOW TV,pop,484623152.0,1160347941.0,415673.0,67544.0,2781194.0,179117.0,2630000,1165.8759457554377,15.527247553275233
UCBQZwaNPFfJ1gZ1fLZpAEGw,twenty one pilots,pop,544733919.0,1678311686.0,1483635.0,279475.0,8495296.0,106873.0,12700000,367.1616799280146,79.48963723297746
UCMFxFeLXsjGPlS8toc2E2Lg,rickmoranisofficial,country,4462.0,3254.0,30.0,1.0,29.0,2.0,638,148.73333333333332,14.5
UCclTdPbe_ru5iXlUNdlxK5w,Theo Lawrence & The Hearts,rock,229592.0,523630.0,750.0,76.0,2532.0,66.0,4980,306.12266666666665,38.36363636363637
UCGa5NF8eodXO2wFYxDMDybg,Follow The Cipher,metal,21840.0,63205.0,261.0,94.0,708.0,6.0,1970,83.67816091954023,118.0
UCFKyVAVtPSJymdix_938kUQ,Phox Phox,rock,37366.0,108786.0,362.0,28.0,580.0,42.0,11200,103.22099447513813,13.80952380952381
UC4RyedH4mBf4AaWNLZVfLMQ,ONR.,rock,976350.0,2318147.0,1536.0,627.0,7353.0,207.0,4440,635.64453125,35.52173913043478
UCtoUQvukM3Vqqjk3pORmH5w,Pardison Fontaine,urban,14819478.0,38642960.0,32014.0,2048.0,122905.0,6801.0,376000,462.9061660523521,18.0716071166005
UCnHYKgU2bwSMt4reSitcjWQ,TheFallOfTroy,metal,1127.0,1170.0,2256.0,2.0,43.0,0.0,9650,0.4995567375886525,0.0
UCabu6ZGMTWDsYiTg2yOo3uA,EveryAvenue,rock,37125.0,87180.0,950.0,25.0,680.0,44.0,15400,39.078947368421055,15.454545454545455
UCQ2UiNpRtGtT3lBGc6mW36Q,raphaelmusicofficiel,rock,68316.0,143165.0,7460.0,18.0,500.0,37.0,21300,9.157640750670241,13.513513513513514
UCPIfsVyVsdL_8pa_nurKypg,Marcin Rozynek,pop,205.0,202.0,4.0,0.0,0.0,0.0,435,51.25,0.0
UCXgSpd4h26yxronX0O4mXIg,Pastora Soler Catálogo,pop,277362.0,697693.0,446.0,64.0,1652.0,133.0,3530,621.8878923766816,12.421052631578947
UC7cdEBfqSfIH62arlTi0GEQ,Ohana Bam,urban,2891804.0,5121856.0,6917.0,371.0,24873.0,620.0,33100,418.0719965302877,40.11774193548387
UCjX-A-sYXjfpQnx0zlACsRQ,State Radio,latin,77692.0,242999.0,433.0,19.0,658.0,65.0,4630,179.4272517321016,10.123076923076923
UCScqhaGYlX98xPN7kwXtDkw,Shado Chris,urban,68450.0,141828.0,558.0,23.0,713.0,18.0,16300,122.67025089605735,39.611111111111114
UCUNj6X343VRMSvsMlFJBhWw,DrFeelgoodofficial,rock,261.0,439.0,1.0,2.0,1.0,0.0,17,261.0,0.0
UC1PqLslajCKhn8--O5RR5_w,Goya,pop,1471730.0,3374372.0,1510.0,246.0,12449.0,242.0,8450,974.6556291390729,51.44214876033058
UC_FhqjUyjKr-3s01TtonEsw,D.C.W.東城衞channel,rock,7658.0,16588.0,54.0,5.0,96.0,2.0,1890,141.8148148148148,48.0
UCP5XBwxXHHD0vBoWp5WTO5A,Sophia Abino,pop,9272.0,9017.0,63.0,17.0,183.0,9.0,3730,147.17460317460316,20.333333333333332
UCjIyFu2nFGZlpfF-LbBkZpg,Kojo Funds,urban,7896564.0,19983015.0,222.0,649.0,47952.0,1238.0,85300,35570.10810810811,38.733441033925686
UCGESXaNIWbo7mJQ3PlzoL_A,Vita and the Woolf,pop,8354.0,18791.0,76.0,11.0,107.0,1.0,620,109.92105263157895,107.0
UCu3u8VDrmOTlTfeAMF9PLcA,burningofromemusic,rock,2727.0,5999.0,17.0,4.0,28.0,1.0,414,160.41176470588235,28.0
UCFj6i28BalvuUldLDbr6UWw,Leon Leiden,urban,43204070.0,102755369.0,314062.0,47750.0,1170090.0,16846.0,978000,137.5654170195694,69.45803158019707
UCj8sFiFmI7qCQzJWgUSwj-Q,Duncan Dhu,latin,2611959.0,6500304.0,44755.0,464.0,20735.0,607.0,106000,58.361278069489444,34.15980230642504
UC8X8LkEuz6b-KaX-VxpXQAQ,Valient Thorr,metal,32150.0,69558.0,132.0,21.0,341.0,7.0,2810,243.56060606060606,48.714285714285715
UCkza4xuP29vsusl14aGGXVA,WantingsMusic,pop,128287.0,339694.0,2704.0,166.0,967.0,98.0,35800,47.443417159763314,9.86734693877551
UCffTBYhHLSeIVOrR6ZihRzg,teamlovevids,rock,86883.0,111348.0,117.0,30.0,685.0,33.0,2450,742.5897435897435,20.757575757575758
UC1eAVVv2tf6i8bnrhkXuU2Q,OCN,rock,25864.0,69819.0,69.0,7.0,145.0,11.0,1890,374.84057971014494,13.181818181818182
UCUQjnttodxhUN-TE2MvkhEw,Pecker,pop,8697.0,16366.0,54.0,6.0,102.0,6.0,913,161.05555555555554,17.0
UCoOzY0feZINyEk5Nw2-VLwg,The Hollies,pop,0.0,0.0,23186.0,0.0,0.0,0.0,54300,0.0,0.0
UC7jb7qY6Q-5Dk0_on5dfONg,Icarus,dance,816093.0,3253883.0,1688.0,212.0,8952.0,362.0,16700,483.4674170616114,24.7292817679558
UCd1NmZhNCrMoncLFLbHKucg,Venus II,rock,249.0,369.0,2.0,1.0,3.0,0.0,42,124.5,0.0
UCv0k03065eZlMDR5oqgPnnQ,Kiko Rivera Oficial,pop,,,,,,,17,0.0,0.0
UCmajVHWDyvlGsNVZ9lT3q0Q,Kim Larsen,pop,15635736.0,41859269.0,7709.0,1109.0,29102.0,2929.0,54800,2028.2443896744066,9.93581427108228
UCIASqTLwiN5N9RY2f68DNPQ,Burning,metal,84755.0,215450.0,220.0,17.0,623.0,28.0,1590,385.25,22.25
UC2bX23CInJ_BxPVQclwPFBg,MoMo,pop,10884.0,20431.0,20.0,5.0,66.0,7.0,806,544.2,9.428571428571429
UC0TobZSDyMaXaoVK_9TcPHA,Portugal. The Man,rock,33118230.0,77090733.0,55547.0,7360.0,346196.0,11635.0,709000,596.2199578735125,29.754705629565965
UCR8rX9t3X9C-BwknWXR239g,downtownfiction,rock,24421.0,37101.0,927.0,25.0,518.0,13.0,24300,26.344120819848975,39.84615384615385
UCQnrxwwa0iXFal_NxfzwkXg,Orson Wilds,rock,442962.0,1096215.0,252.0,112.0,733.0,20.0,329,1757.7857142857142,36.65
UCJfhiib6i5tVWVwEla-2K6w,Amir Hasan,pop,6971.0,8888.0,112.0,25.0,110.0,6.0,3850,62.24107142857143,18.333333333333332
UCiVS01HGMikZd0zAxcRveww,Sara Marín,pop,333.0,358.0,8.0,1.0,6.0,0.0,615,41.625,0.0
UCYLa9q1huuWRP97-uZ6xV_w,Orry Jackson,pop,429980.0,848506.0,1088.0,261.0,3954.0,98.0,8720,395.2022058823529,40.3469387755102
UC34wpCgr3l9cG0RtFdTTS-Q,Gojira,metal,38138087.0,149267771.0,162014.0,40885.0,873155.0,13366.0,521000,235.39994691816756,65.32657489151579
UCilN_FtjmaACskVQ8ySElJA,ป๋อมแป๋ม ณิชาภัทร,pop,698116.0,1631053.0,3515.0,284.0,6232.0,157.0,303000,198.61052631578949,39.69426751592356
UCtUdfHiWA1s29AfIRTyhlug,Akhenaton,urban,0.0,0.0,6.0,0.0,0.0,0.0,3060,0.0,0.0
UCvOYoFzpDzvWUqlpzR1AL2Q,soniamiki,pop,9535.0,20214.0,40.0,4.0,59.0,7.0,663,238.375,8.428571428571429
UC1HmBB2jzfVPAsEXDra4eoQ,Lesser Key,rock,3311.0,8252.0,34.0,0.0,71.0,0.0,868,97.38235294117646,0.0
UCWkBRcIJIJY4WxB3sW3Y6nA,Phil The Beat,pop,1259313.0,2669989.0,2820.0,420.0,15602.0,408.0,4420,446.56489361702126,38.240196078431374
UCoWPcbkqIWosJZk6Netpibg,Yazoo / Yaz - Official,pop,5275211.0,7985620.0,13345.0,931.0,55524.0,2733.0,32600,395.2949419258149,20.316136114160262
UCEXumjxRVILZcSup2uXjvCw,Marcelo,pop,524.0,835.0,13.0,0.0,7.0,0.0,1200,40.30769230769231,0.0
UCSDxDFY5HnZAQsE5D9ZsFzg,MoMo,pop,0.0,0.0,0.0,0.0,0.0,0.0,42,0.0,0.0
UCbKSnxLmORz0kUdILw6On1g,Marcell,pop,1162519.0,2139687.0,10355.0,1431.0,20325.0,215.0,33200,112.26644133268952,94.53488372093024
UCfLw-yks4g136XG3QKT1UTw,Andreas Moe,rock,65570.0,149864.0,492.0,160.0,1318.0,23.0,8490,133.27235772357724,57.30434782608695
UCdsgBD7n7tyBQTqpZssohiQ,MPokora,pop,4139941.0,10553521.0,61.0,792.0,25158.0,949.0,152000,67867.88524590163,26.510010537407798
UCVVzbw3BNaAOxbCIIQqRj5w,scarson45,rock,118593.0,298030.0,583.0,0.0,1674.0,45.0,8530,203.41852487135506,37.2
UCHxXS6EkA7wpKRr98E2dhhA,rikersmusic,rock,1130.0,1578.0,7.0,0.0,19.0,0.0,99,161.42857142857142,0.0
UCR4sr6yHN_lgs5ZJt3XRJkA,santogoldvideos,dance,2685.0,4611.0,8.0,0.0,41.0,0.0,242,335.625,0.0
UCSIx9lyXYVzSNFX5afgJabg,Herman Dune,rock,4494.0,9373.0,15.0,2.0,42.0,2.0,70,299.6,21.0
UCLL49Ren_KdYn21dCE7NRng,rychlí kluci,urban,22434242.0,57994293.0,26231.0,7011.0,312792.0,7668.0,103000,855.2568335175937,40.791862284820034
UCGAhdgBimAyKGJMBFK4NEfg,Weston Burt,country,2776.0,4602.0,14.0,1.0,15.0,5.0,1150,198.28571428571428,3.0
UC2bskCJnzDwoxyEbRXj4oBg,Boni Rocanrol,rock,196880.0,390273.0,1012.0,262.0,3980.0,65.0,1920,194.54545454545453,61.23076923076923
UCwV26LFHrKA8-CmKOhc3ojQ,Bad Geckos,pop,7111.0,13574.0,7.0,4.0,45.0,14.0,343,1015.8571428571429,3.2142857142857144
UCai9Fo2Uj8qV6Sp97sE-DkQ,GeriHalliwellUK,pop,51020.0,81312.0,15.0,61.0,833.0,30.0,3360,3401.3333333333335,27.766666666666666
UC1R2bdOjUbZiUawf5b_LVHg,deanalexandermusic,country,17655.0,35123.0,22.0,2.0,113.0,40.0,910,802.5,2.825
UCdV4K0Yzdg5Uv1T8YgXBDoA,LinaKaro,pop,43844.0,112743.0,73.0,12.0,357.0,16.0,2550,600.6027397260274,22.3125
UCs97Psn1u1lJcLW2OP9OyrA,GIULIA BE.,pop,131653958.0,283412022.0,339660.0,22651.0,1297644.0,33894.0,1750000,387.6051286580698,38.28536024075058
UCMpXThMkTIBu0Fpn8SXv4VA,SIKR,dance,4054.0,4907.0,11.0,1.0,71.0,1.0,90,368.54545454545456,71.0
UC8SP4fqoPpG5MHIHvvK72mg,VOXELofficial,urban,3544018.0,10715741.0,3790.0,374.0,14385.0,1009.0,72400,935.0970976253299,14.256689791873141
UCrQIYwlh7PTqBedJsS5UvMQ,morganevanstv,country,1619177.0,3643222.0,3343.0,519.0,10899.0,544.0,39700,484.3484893807957,20.034926470588236
UCAeSmHGp5sf_4SyWb087Tow,Garaje Jack,rock,360.0,461.0,1.0,0.0,-1.0,0.0,53,360.0,0.0
UC5yzXxPSZF511qvAQRG_I7A,Rolf Fjordvik,pop,439.0,684.0,1.0,4.0,2.0,1.0,3,439.0,2.0
UC8htQT3V-GdUTPFAKD4Avyw,Tereza Mašková Official ,pop,3858409.0,12284549.0,4392.0,266.0,10777.0,666.0,39100,878.5084244080145,16.18168168168168
UCPqAhEF-PJ248gTaJBm9mPw,SLEEPWALKRS,dance,581953.0,1195175.0,983.0,105.0,4930.0,127.0,1970,592.0172939979655,38.818897637795274
UClXta6rWNKUztBhBC9WLQGg,Nevo Angel,urban,128769.0,282185.0,741.0,448.0,4147.0,77.0,3230,173.77732793522267,53.857142857142854
UCDPM_n1atn2ijUwHd0NNRQw,Coldplay,rock,1684617504.0,5505759151.0,4907647.0,1346663.0,33281629.0,436208.0,22800000,343.2637889399951,76.29761260682977
UCtYCWZHChPLekVxvWTuJ9gw,Riot V,metal,50334.0,130159.0,289.0,36.0,710.0,9.0,2060,174.16608996539793,78.88888888888889
UCM10srINLaSQFrcDVmHV0gA,him,dance,4628474.0,12254279.0,45798.0,1456.0,41994.0,915.0,365000,101.06279750207433,45.895081967213116
UCGsPswmbpeuwn3owrqqbhJw,NervousRecordsNYC,urban,10586092.0,28499015.0,20610.0,4636.0,151585.0,4191.0,128000,513.6386220281416,36.16917203531377
UC4nstdiM_MVHCvC1mYHE3Ew,taladpluontv,pop,24545.0,73619.0,64.0,18.0,157.0,1.0,8670,383.515625,157.0
UCJF0MASWYKOcY1DXsxA63yg,Medial Banana,pop,2425073.0,7816484.0,3017.0,249.0,13199.0,572.0,37100,803.8027842227378,23.075174825174827
UCujKAgn-LnkF6gEEuOJdHHA,Gérard Manset Officiel,rock,20736.0,40691.0,123.0,13.0,195.0,9.0,576,168.58536585365854,21.666666666666668
UCeekxg1vju_sjIK9KjJJLYg,Papa Roach,rock,15901919.0,33943931.0,191233.0,15412.0,377613.0,18018.0,1330000,83.15468041603698,20.95754245754246
UClADD1Q5gb6oF1veGjEO77g,ADÉLA - official,pop,31621.0,56215.0,118.0,15.0,269.0,21.0,4490,267.97457627118644,12.80952380952381
UC_7YZ0EBzDcXPNhC482NPNA,xxofMontrealxx,pop,29203.0,65973.0,3085.0,35.0,793.0,19.0,13700,9.46612641815235,41.73684210526316
UCCb-gNJVJlW3MUZU2N97KZw,planetph3,urban,1025.0,1921.0,4.0,3.0,13.0,0.0,134,256.25,0.0
UCWEtnEiVwUy7mwFeshyAWLA,RHINO,rock,1234729679.0,3792987035.0,1029892.0,251870.0,9822091.0,438794.0,5220000,1198.892387745511,22.38428738770357
UCe9GZ71MOPEs9b3I0fJYZgA,Madi Diaz,rock,265466.0,612122.0,1735.0,237.0,4044.0,113.0,7720,153.0063400576369,35.78761061946903
UC2H0ZAFcaGkvgup1b2rr8Qg,Innertier,pop,410299.0,913432.0,399.0,35.0,1684.0,166.0,10400,1028.3182957393483,10.144578313253012
UChVT3DCVgE-3aiAqbxYV1Ug,Fair Weather Friends,dance,5450.0,17544.0,12.0,0.0,33.0,8.0,564,454.1666666666667,4.125
UCOne-ZzghFhq3JDDmxMsNkw,jegerdaviddieu,urban,4064.0,6612.0,52.0,2.0,74.0,6.0,316,78.15384615384616,12.333333333333334
UC7lv9XTLLa3HCBmRTt0Gvnw,Dubstar,pop,157604.0,372959.0,355.0,96.0,1653.0,67.0,1430,443.9549295774648,24.671641791044777
UCEmEVtPXopGzzVrpmhCXqbg,Home-Sick,dance,27610.0,59987.0,60.0,26.0,561.0,8.0,872,460.1666666666667,70.125
UCme4_N86ALmx6zv4S1w3VHQ,sivilstatus,country,117.0,237.0,0.0,0.0,0.0,0.0,8,0.0,0.0
UCm_8DflK-Vl3a3n-gd_75uA,Ciro,urban,,,,,,,0,0.0,0.0
UC-AjTAjvp7J-_QQJSENeZcw,makeshiftprodigy,rock,901.0,1503.0,3.0,1.0,8.0,5.0,350,300.3333333333333,1.6
UCKiTrdzRJHPcB1-0iTrbwkA,JAY1,urban,3269816.0,5772627.0,19424.0,1327.0,63065.0,1120.0,87900,168.33896210873147,56.308035714285715
UCp-TO3d-bVBUXNw741Jpoag,Orē,urban,18396.0,33577.0,202.0,53.0,477.0,23.0,2560,91.06930693069307,20.73913043478261
UCAb60rVrvVQVfSgrX1UWb0g,Fleetwood Mac,rock,116793294.0,345145119.0,411466.0,23806.0,813325.0,26797.0,1060000,283.84676741213127,30.351345299846997
UCWGGQw_iJ7F-7Jz6LrfdDRA,華星唱片 Capital Artists Official Channel,pop,12312013.0,45952693.0,18679.0,2949.0,70963.0,4210.0,27000,659.1366240162749,16.85581947743468
UCW6dDNgf_2FAJOJ3RhasrIA,XavierWulf,urban,8111901.0,14228444.0,40661.0,5492.0,208691.0,2491.0,226000,199.50077469811367,83.7780008028904
UC9eQx8uWm7R0WdndR6p5kQw,fritjof pikanen,urban,13702.0,26239.0,38.0,10.0,98.0,6.0,934,360.57894736842104,16.333333333333332
UCFYMDSW-BzeYZKFSxROw3Rg,The Living Tombstone,pop,346486113.0,765081941.0,1168824.0,236234.0,6567420.0,133545.0,5720000,296.43993706494734,49.177580590812084
UClAZyJT7MW3YGNyMftTto4w,Company Records,rock,121836.0,315200.0,441.0,94.0,2652.0,52.0,5040,276.2721088435374,51.0
UCYgJ2M1mq8Ae0QOm_VQU4VQ,The Doors,rock,13063972.0,37117957.0,241456.0,12341.0,283406.0,7039.0,751000,54.104979789278374,40.26225316096036
UCQGihSx8kao0Xix08koIllQ,Georgi Kay,rock,88381.0,231252.0,659.0,83.0,1510.0,55.0,7510,134.11380880121396,27.454545454545453
UCc1ovgQn_hZFB-TypFOb8lg,Tarque Oficial,rock,135710.0,358286.0,710.0,38.0,1052.0,46.0,5060,191.14084507042253,22.869565217391305
UCpW8-XI3sVjLe9ADwoh8qiQ,Hyphen Hyphen,pop,878103.0,2244978.0,1722.0,158.0,4382.0,347.0,49100,509.9320557491289,12.628242074927954
UCDEW2psJxrMGqvjv-xTSspQ,Pokáčovo Kanál,pop,44382709.0,106795713.0,77581.0,13157.0,566745.0,19247.0,311000,572.082197960841,29.44588767080584
UC9nxc-xiH1AnL9RGstfgurg,Blake Shelton,country,178246458.0,492071530.0,343265.0,38970.0,1386311.0,60180.0,2950000,519.2677901912516,23.036075108009307
UCXNtLQbLzr31-xARWCw3Vvg,VicentePalma,pop,164.0,240.0,3.0,0.0,5.0,0.0,11,54.666666666666664,0.0
UCtWBCzqucZXq0M8jsqunM0g,Alec Benjamin,pop,239594855.0,530637034.0,1092892.0,88105.0,4451921.0,47965.0,4340000,219.23012978409577,92.81603252371521
UC4a55_esP82yRhlzUrAKRtA,3JS,pop,1767299.0,4695391.0,2527.0,1020.0,11267.0,513.0,12100,699.3664424218441,21.962962962962962
UCoudsgL2L53Xs3tevwoWW4Q,Dwight Dissels,pop,72981.0,146843.0,1184.0,83.0,1162.0,20.0,3430,61.639358108108105,58.1
UCTNkw5W1AgwzGAVNHx733vA,kuningasideayhtye,pop,470253.0,1085936.0,492.0,103.0,4206.0,124.0,4040,955.7987804878048,33.91935483870968
UCWVBfvVTf3UrPA-z5gos60w,HUGEL,dance,42528771.0,72087894.0,81210.0,6938.0,457242.0,18151.0,512000,523.6888437384558,25.191008759847943
UCXR82zHJ6FuWccQQqxtNHyw,TAYLA PARX,urban,1033447.0,3268763.0,4830.0,877.0,18503.0,359.0,41100,213.96418219461697,51.540389972144844
UCmZzJZSp20EIolDL-EfnD6w,The Washboard Union,country,1091773.0,2713082.0,1598.0,248.0,4341.0,266.0,9080,683.212140175219,16.31954887218045
UCwXoqCy4Gf15M2j3wz4_uzQ,Adia Victoria,country,555619.0,1195410.0,2015.0,217.0,5419.0,112.0,5910,275.7414392059553,48.38392857142857
UCMJbPdetcLmF7euzH4uLCRQ,Honey Money Gang,pop,3150394.0,7114150.0,4887.0,2032.0,39010.0,1473.0,20200,644.6478412113771,26.48336727766463
UCmfGbS-YboR4e67CIZhhKTA,Tony Banks,rock,95136.0,470123.0,2002.0,135.0,1510.0,27.0,5870,47.52047952047952,55.925925925925924
UCk8rU9JZFxqMpAkOPP0Wu_g,Deadcultdiaries,rock,3325.0,7198.0,4.0,1.0,25.0,1.0,165,831.25,25.0
UCSGn8AjyJIBhpaSMRjR7ebw,thepinkertones,dance,21451.0,28692.0,67.0,22.0,200.0,83.0,1310,320.1641791044776,2.4096385542168677
UCQEIfqE3MnOyN9SCS8cHRWA,Sourceetc1,pop,1353.0,2311.0,3.0,2.0,35.0,0.0,2710,451.0,0.0
UCn9W4PujTNjq4C_vlOgpyow,PetShopBoysParlophone,pop,111104637.0,337637399.0,5370.0,29723.0,799119.0,30061.0,116000,20689.876536312848,26.583247396959514
UCFzupDSjmyNF_8kjh8aO6ow,Syd Barrett,rock,1253.0,1629.0,13.0,3.0,22.0,0.0,511,96.38461538461539,0.0
UC2XjCWiLxI7UCc1PPaQHNTA,manwithoutwax,rock,584.0,838.0,6.0,3.0,8.0,0.0,1640,97.33333333333333,0.0
UCGY1ywgZ1FvUEVUc6zTZmkA,mastodonthehunter,metal,643.0,1441.0,4.0,1.0,9.0,1.0,466,160.75,9.0
UCA1IwyTJWR3Gp0Tvz4jCp3A,XXANAXX,rock,448139.0,1063820.0,1299.0,57.0,2071.0,138.0,35800,344.9876828329484,15.007246376811594
UCv5emLGrYcQAmbpeFVlzjdg,Warner Records Vault,rock,259298930.0,918575107.0,328848.0,52788.0,1923053.0,69920.0,518000,788.5069393762468,27.503618421052632
UCYwDm_-HHq-cq3YKvpeX7Pg,Nobrvnd,urban,927801.0,527162.0,1165.0,334.0,2565.0,140.0,8750,796.3957081545065,18.321428571428573
UCwiU5L-YUj7AWVAmWHx0K-A,Clouseau,pop,1274335.0,3178501.0,2496.0,529.0,7884.0,469.0,8260,510.5508814102564,16.810234541577824
UCNQa79970Y0E8UhMFK0T2SQ,MarÃ­a Isabel,pop,3850263.0,7477383.0,20145.0,1736.0,77479.0,718.0,44700,191.12747580044677,107.90947075208913
UCED3LKZLWAy193swHjcgDUQ,DeadBySunriseTV,rock,494786.0,1291409.0,6342.0,324.0,8452.0,150.0,40700,78.01734468621886,56.346666666666664
UC5YACGHw-FJ_1IXme9Z-vlg,Benni Sparks,dance,,,,,,,0,0.0,0.0
UC9wvnHwKWvE_unCTf1eLKHw,Johnny Hallyday Officiel,rock,13895812.0,40749127.0,108513.0,3026.0,67831.0,4738.0,718000,128.05665680609695,14.316378218657661
UCgiqxI1Dm8FpX0jW29cj-8Q,Tommy,urban,5962.0,9851.0,185.0,2.0,65.0,-1.0,1460,32.22702702702703,-65.0
UC24QDGhcpEeKTtEDYSXflMg,Kylie Minogue,pop,0.0,0.0,499.0,0.0,0.0,0.0,21500,0.0,0.0
UCJrcscyNYXfspnMi6KscZSA,Marie Fredriksson,pop,10370.0,22555.0,48.0,7.0,110.0,5.0,563,216.04166666666666,22.0
UC2j95Yd08yQibgMcPXYl8VA,Carlos Vara,pop,24675.0,52482.0,216.0,56.0,612.0,29.0,7600,114.23611111111111,21.103448275862068
UC-htj9-fqxZVtlD5VVmgmTw,ChanWingHim陳詠謙,pop,34253.0,85708.0,347.0,11.0,357.0,30.0,4520,98.71181556195965,11.9
UCaf9TjqrkYQnd3h15n582IQ,Shoneyin,urban,14783.0,27389.0,169.0,32.0,324.0,4.0,2040,87.4733727810651,81.0
UCePWSQHSdXqzQlzyJfwY1Jg,Vũ Official ,pop,120302424.0,469172130.0,368494.0,31842.0,1166884.0,17542.0,968000,326.470509696223,66.51943906054042
UCQieqLwBvXxgv9IKxDeW9zg,thomstonmusic,pop,37315.0,84662.0,702.0,119.0,1490.0,15.0,7250,53.155270655270655,99.33333333333333
UCpmhYu92ybB3sP8agrxR6QA,BLANKTS,pop,8601.0,13458.0,143.0,75.0,317.0,1.0,611,60.14685314685315,317.0
UCHsSqqj7NDH9I5_6TQiJ6vw,GNR,rock,12154.0,22595.0,25.0,2.0,51.0,1.0,322,486.16,51.0
UCftIqqhrClqSk3MxxZeBx7A,CheriDennisTV,urban,18838.0,47020.0,75.0,16.0,239.0,9.0,768,251.17333333333335,26.555555555555557
UCoppuO27dFlOOjfYg2cq1Ng,SidneyPolak,pop,52911.0,100283.0,4.0,49.0,649.0,150.0,1040,13227.75,4.326666666666667
UCjaGoLLtbFLH8Nl10lydhlQ,Alvarez Kings,rock,11844.0,25952.0,91.0,3.0,120.0,16.0,3040,130.15384615384616,7.5
UCiVbVqViW1L0UAjXTZJMgwQ,Khushi,rock,62189.0,118668.0,443.0,80.0,1193.0,44.0,3180,140.38148984198645,27.113636363636363
UCrNEfoYeQEf-WxZpsFIpcLA,Frankie Morland,pop,17640.0,37087.0,136.0,14.0,225.0,14.0,728,129.7058823529412,16.071428571428573
UCa69AU7FrlpkuYbJSRAKA_w,TocoParaVos,pop,24323220.0,48318038.0,39739.0,2062.0,135937.0,5125.0,373000,612.0742847077179,26.52429268292683
UCzJGJYhHgcNvBoB06DfFRIQ,MiriamBryant,pop,5924.0,12500.0,2.0,4.0,88.0,7.0,1310,2962.0,12.571428571428571
UCWWZivJmJJzJGdLI8KeZpjA,Bastard!,dance,8410889.0,19277669.0,16701.0,1692.0,74313.0,2632.0,30500,503.61589126399616,28.234422492401215
UCo4OGlYPNpxPvImVmT_Xfzg,Mike Campbell,rock,451959.0,1206452.0,2454.0,606.0,7423.0,229.0,10400,184.1723716381418,32.414847161572055
UCrUlt5TwS6OUD8xpC36EBvw,We Are Kids United,pop,116180782.0,214240565.0,309979.0,3955.0,725450.0,72150.0,2640000,374.8021059491127,10.054747054747054
UCW2D8YiBtwhNslRFKTr9Axw,H O N N E,dance,100001708.0,349591713.0,166842.0,15936.0,789988.0,10052.0,981000,599.3797005550161,78.59013131715082
UCCmXcYtA4T9wxc3vmbGFxRA,MCDAVO,urban,389352345.0,1082744041.0,1028494.0,145058.0,4209858.0,110216.0,6760000,378.56549965289054,38.19643245989693
UCp6p4QMnrhszX8rhzgy_q2Q,かまってチャンネル【公式】 ,pop,14082188.0,36877422.0,187980.0,31279.0,511222.0,4493.0,275000,74.91322481115012,113.78188292900067
UCueIHzorkCaR8-302Q_Gfqw,Malia Civetz,pop,754662.0,1837772.0,1678.0,412.0,5973.0,258.0,7740,449.7389749702026,23.151162790697676
UC-Ux9bjrAtuMMvZbbtqK19w,Bassam officiel,dance,4229.0,5793.0,32.0,0.0,27.0,2.0,443,132.15625,13.5
UClQeDT2awEJb7Hu2PLsPvzg,TegoCalderonOficial,latin,276.0,595.0,1.0,0.0,3.0,0.0,79,276.0,0.0
UCkWBtWWMANvzQI2Lcsnukiw,thejanedeargirls,country,387250.0,709563.0,1000.0,69.0,3748.0,471.0,32500,387.25,7.957537154989384
UCNFOCainfQUP0PE2O--j2LQ,PliesWorld,urban,62991253.0,177074152.0,167453.0,9157.0,593346.0,27132.0,1350000,376.1727350360997,21.868863334807607
UC_paE0Wq6dXxanGGtgHkiFQ,Melindo Records,pop,67042.0,131018.0,193.0,9.0,432.0,21.0,4790,347.36787564766837,20.571428571428573
UCULf4XCNKB918Nzn46Cm_vA,Katarzyna Pietras,pop,64382.0,149417.0,88.0,12.0,317.0,20.0,470,731.6136363636364,15.85
UCScwzf7hG0FnN8ZFzmOjLxg,ChristinaParie,pop,24840.0,33328.0,132.0,5.0,312.0,10.0,9660,188.1818181818182,31.2
UCApPFD2lkTNTHhQJsqpp3xg,Jacob Plant,dance,86487.0,185118.0,371.0,31.0,1166.0,25.0,6610,233.11859838274933,46.64
UCVOdT_BwuAbGsC0YjQwOoYg,rrtfb,country,229473.0,503518.0,2203.0,158.0,3373.0,126.0,10900,104.16386745347253,26.76984126984127
UC4ZFn6TUncwPA0UI819Q3JA,saintmotelvideo,pop,21082999.0,53942769.0,49603.0,6310.0,346300.0,5502.0,236000,425.03475596234097,62.94074881861141
UC11VbLKq0ojQ2N-B2Q5m4mA,La Naranja Blossom,rock,1396.0,2896.0,10.0,1.0,22.0,0.0,331,139.6,0.0
UCs1qD5IhqZGh8JUfJMc3Fwg,The Hmmms,pop,747.0,1367.0,1.0,0.0,4.0,0.0,45,747.0,0.0
UCF7GJjNPB2R_1yGTpIB45jg,Motor Ace Official,rock,48070.0,117298.0,243.0,105.0,694.0,57.0,672,197.81893004115227,12.175438596491228
UCiS6lByEku_8t8eynNFy-4g,Cate Likes Candy,rock,0.0,0.0,0.0,0.0,0.0,0.0,15,0.0,0.0
UCn4ZQ84q-eBbGRUg60At0SQ,ATARI WU,dance,7926.0,17186.0,16.0,3.0,36.0,10.0,663,495.375,3.6
UCIzqmACj6KMcuy0Q06OShcA,Blackfield,rock,81573.0,165186.0,2777.0,91.0,1287.0,50.0,7310,29.37450486136118,25.74
UCxq8iLGcQHZPBB2AcWcVh9A,IZAmusic,urban,3640.0,7076.0,2.0,5.0,45.0,0.0,1820,1820.0,0.0
UCA0_DhKu4732IFjKK4OFVbg,vanilasmusic,pop,372.0,673.0,4.0,0.0,1.0,0.0,88,93.0,0.0
UCNlisYk2pbTPSejFqEX0YrQ,Myslovitz,rock,496241.0,1539405.0,16.0,106.0,3599.0,95.0,8090,31015.0625,37.88421052631579
UCr0-gGexvhqXnfNnD1HJCmA,Sandra Bruman,pop,645.0,763.0,1.0,0.0,-1.0,0.0,103,645.0,0.0
UCygCLsD8jkys_WfVQdhS-KA,TheRightOnsOfficial,rock,2388.0,3803.0,16.0,0.0,32.0,0.0,445,149.25,0.0
UCZ7xwOk5EoC7doN58MQTYsw,Stone Temple Pilots,rock,0.0,0.0,24.0,0.0,0.0,0.0,17900,0.0,0.0
UC8EgZ1xm4ZFGbt-I0_qlWSQ,The Weepies,rock,1760.0,1534.0,976.0,2.0,32.0,0.0,6100,1.8032786885245902,0.0
UCN5YtRZSu6NFeNKMSQDdMlQ,Marillion,rock,0.0,0.0,11.0,0.0,0.0,0.0,7500,0.0,0.0
UCp6Rugkg2-yKf50HwtsXsUg,Spinnin' Talent Pool,dance,2186732.0,2760723.0,8159.0,447.0,13978.0,854.0,59200,268.0147076847653,16.36768149882904
UCUlYVio1_3uEiTKvhWoq2uQ,Jean-Louis Murat,rock,66978.0,174622.0,1.0,22.0,455.0,22.0,269,66978.0,20.681818181818183
UChA6VTqciHcYoZxo6R2ESnA,Shooter Jennings,country,674374.0,1940518.0,7942.0,350.0,8631.0,463.0,57100,84.91236464366658,18.6414686825054
UC55F9Nbp6PdURfWobSARxVw,TheVersesMusic,rock,8110.0,18624.0,30.0,6.0,76.0,4.0,610,270.3333333333333,19.0
UCXWiKXUu5jGMtcZG3tZYHcA,Antonio Rey,latin,52410.0,187910.0,265.0,25.0,560.0,20.0,1870,197.77358490566039,28.0
UCBxIPQKReItXWeCqzLzkEGA,Tal Official,pop,21315120.0,46213355.0,44256.0,4293.0,152640.0,5671.0,898000,481.63232104121477,26.91588785046729
UCCXvgrT_uWTvmYwp47lX1mg,Paradize,urban,229834.0,455777.0,1075.0,207.0,3159.0,31.0,3500,213.79906976744186,101.90322580645162
UC51BZb8LNZW5Sp2ZBirudSg,Bruda,urban,13581.0,19406.0,172.0,29.0,284.0,11.0,1700,78.95930232558139,25.818181818181817
UCRg-hubwld8BEc8Afhn305w,Violents,rock,27503.0,81901.0,117.0,17.0,485.0,7.0,2030,235.06837606837607,69.28571428571429
UC3zY--b8e61Os7LA_vMN25A,VinoPLVEVO,rock,120.0,216.0,0.0,0.0,2.0,0.0,12,0.0,0.0
UC_fGK_FJk3vg8V5MVtFXmog,ReN,urban,4075899.0,9735704.0,51.0,1754.0,67671.0,623.0,86,79919.58823529411,108.62118780096309
UCo2fxh7Y0qRdmcZ2qIZ_RTw,Roger Mooking,urban,8726.0,6685.0,198.0,8.0,68.0,9.0,1020,44.07070707070707,7.555555555555555
UCeuZSIikkhiagrFxPJcZ8Bw,Art Of Noise,dance,1968413.0,3733127.0,11798.0,1069.0,25565.0,948.0,43900,166.84293948126802,26.967299578059073
UCuJLOUiC0IOzoPqvYpf_Pag,Leading Ladies,pop,51813.0,108502.0,314.0,2.0,853.0,14.0,1900,165.0095541401274,60.92857142857143
UCqm2qGjvhw-smS9ONDEn7Fg,Sentidos Opuestos,latin,618344.0,1662948.0,13447.0,91.0,3407.0,164.0,58900,45.983788205547704,20.774390243902438
UC_8nqHZ6PFmjyCpz46Weaxg,mattdukemusic,rock,448.0,916.0,5.0,1.0,6.0,1.0,319,89.6,6.0
UCNSfONc2U1BfGV-gIF3ChcA,OC AD,urban,6265.0,9543.0,25.0,0.0,92.0,3.0,1350,250.6,30.666666666666668
UCOQtOwoXZl76UrVN7pqNfHg,luarnalubre,pop,5946.0,14193.0,56.0,2.0,48.0,2.0,247,106.17857142857143,24.0
UCu3XWT_2BMOI69unS2iIBkA,Loso Loaded,urban,12753.0,23742.0,83.0,10.0,198.0,5.0,2980,153.65060240963857,39.6
UCLMNBVf8so0SbjSeGjxLiOA,Vivi K,pop,141869.0,239911.0,3712.0,638.0,8874.0,36.0,3670,38.21901939655172,246.5
UC3PeG6n4MjmhXHjig9np3dA,Revolver,latin,59223.0,115810.0,157.0,7.0,343.0,23.0,3120,377.21656050955414,14.91304347826087
UCEqpHhAN-jdhA6F1Lecd5wg,theswellers,rock,9602.0,31040.0,69.0,5.0,148.0,0.0,2770,139.15942028985506,0.0
UCtgmOwlyJ0tqz5rrThkjUYg,EVOREVO,dance,,,,,,,1,0.0,0.0
UCoNhWLip9Q3NFCDCEtIOLKQ,Heavenstamp,rock,0.0,0.0,8.0,0.0,0.0,0.0,691,0.0,0.0
UCh9l0j4KpQczQtNDrZlCJqA,Eagle and the Worm,rock,3590.0,6421.0,14.0,1.0,25.0,3.0,218,256.42857142857144,8.333333333333334
UC6ZBO3cPNkToPCx5jaoFDzQ,Marlon Oficial,latin,4691210.0,12384532.0,8350.0,631.0,32163.0,1150.0,33700,561.8215568862275,27.96782608695652
UC3GWgP_PHnsBgIOSsL-Pxqw,Emma Drobná,pop,1926868.0,4535465.0,3580.0,511.0,17305.0,760.0,47400,538.2312849162012,22.769736842105264
UCNRYHxv-IKes0nthdfWYNhA,2feetmusic,rock,16661.0,25912.0,40.0,11.0,150.0,8.0,623,416.525,18.75
UCBoTSoL-oglOocfmXEQv8pA,Operatorvideos,metal,16124.0,36401.0,55.0,11.0,243.0,10.0,713,293.1636363636364,24.3
UCbu8lQY-MwFNxXHq-q88cIA,Broken World Media,rock,88576.0,184989.0,146.0,60.0,1816.0,13.0,1710,606.6849315068494,139.69230769230768
UC3qvvxActLvR87qhM4fbg2Q,The Winking Owl,pop,,,,,,,0,0.0,0.0
UCxiyzbjzA6IlV0ROt1GXsRg,joanofarcband,rock,32.0,27.0,10.0,0.0,1.0,0.0,130,3.2,0.0
UCIVROfF-b3Wjpk-G1-_ulFw,Billy Talent,metal,17182561.0,50334696.0,33119.0,3923.0,143468.0,3220.0,273000,518.8127962800809,44.55527950310559
UCaYT1AshD7DXrYngBfYjFLA,Kazadi,pop,637186.0,645213.0,973.0,268.0,4856.0,900.0,14900,654.8674203494347,5.395555555555555
UC4a3_El94ZJCYZ-QlTuGB7w,grapejuicerecords,rock,582.0,912.0,3.0,2.0,14.0,2.0,51,194.0,7.0
UC_oP9EI_H0Fz5mborGXBAiQ,Flavio,pop,2318899.0,5854869.0,8086.0,6640.0,54880.0,1790.0,47800,286.77949542419,30.65921787709497
UCxpphCszc7JOd8yII2NY-_Q,PonderosaVideo,rock,549.0,1106.0,40.0,0.0,8.0,0.0,216,13.725,0.0
UCNqqeUSpNXMTWsE0VNGIm2g,Heartist,metal,87984.0,221152.0,627.0,32.0,1369.0,41.0,13000,140.32535885167465,33.390243902439025
UCoIhmmonW2dvhlfaHotzsew,KabátTV,rock,969104.0,2396349.0,1382.0,123.0,7715.0,265.0,6050,701.2329956584659,29.11320754716981
UC8112rL9OPORK5ZstuHDrNg,Muniek,rock,17639.0,39284.0,23.0,0.0,75.0,2.0,339,766.9130434782609,37.5
UC8gbK8uoqKhlACSeenUPkFQ,neilyoungchannel,rock,32641462.0,96368118.0,110095.0,12885.0,250045.0,12792.0,472000,296.48450883328036,19.546982489055658
UC2q3cOqytgIRDz7Rat8iM1w,The Wild Beyond,rock,40.0,42.0,1.0,0.0,1.0,0.0,5,40.0,0.0
UCLpOiHPOitascuyfxt7A-9A,Giovanni James,dance,6108.0,7557.0,37.0,7.0,53.0,2.0,883,165.0810810810811,26.5
UCSaqZfWk95MtBuX1mV9hYQw,Midge Ure Orchestrated,pop,35764.0,121340.0,101.0,34.0,405.0,7.0,1430,354.0990099009901,57.857142857142854
UCzIbZKWAK8LzeG6JnsZbv5A,BOYS WORLD,pop,6313445.0,14098000.0,100697.0,19998.0,485982.0,2726.0,154000,62.697448781989536,178.27659574468086
UCFffQdR3wcB_lO5K2r2jphA,NINA SKY,urban,81040.0,101672.0,8602.0,60.0,1063.0,73.0,42500,9.4210648686352,14.561643835616438
UC2qqSvlpGXXk6Y6-vkaR-rg,KOSTROK Catálogo,dance,24176.0,48828.0,39.0,6.0,299.0,1.0,1320,619.8974358974359,299.0
UC1veizWI1JKS-OGkysw6v5A,CowgirlsTV,rock,2345.0,4682.0,8.0,0.0,22.0,0.0,181,293.125,0.0
UCGJ5iXR7Y-RvWLCzlVRgv8g,Larry Gatlin,country,729.0,1484.0,6.0,4.0,0.0,0.0,882,121.5,0.0
UCBGCbkljFbQHm_8w8HFWAKA,B-52s Videos,dance,0.0,0.0,15346.0,0.0,0.0,0.0,58200,0.0,0.0
UC9qDclpoGtztMnaTMM_a4CA,Jenny Lewis,rock,613399.0,1485253.0,4013.0,561.0,8044.0,449.0,32500,152.85297782207826,17.915367483296215
UCEzDdNqNkT-7rSfSGSr1hWg,Burna Boy,urban,287692414.0,773720174.0,740154.0,65088.0,2079671.0,55606.0,2430000,388.6926423419991,37.40011869222746
UC4UQFLK99sYuG1b8oRd5BvQ,Trivium,metal,39260714.0,151660721.0,86991.0,15088.0,476472.0,11722.0,675000,451.3192629122553,40.64767104589661
UCdMRUaySf3cT27DDC6s2JKQ,Malu Trevejo,pop,16454975.0,32414330.0,128919.0,4842.0,178396.0,5947.0,1520000,127.63809058401011,29.99764587186817
UCYNECNTatn3pyhGOdCT-MvQ,Alex Germys,dance,50904.0,84435.0,168.0,24.0,423.0,29.0,3050,303.0,14.586206896551724
UCpCaouuN4QSTqggIhTyB8KQ,Crankdat,dance,95677.0,216511.0,3967.0,121.0,2337.0,73.0,16200,24.11822535921351,32.013698630136986
UCqurrJxBoBeBmcqRbIBwbJw,Prelow,pop,113975.0,265414.0,730.0,77.0,2712.0,38.0,8800,156.13013698630138,71.36842105263158
UCuTXXAzN-uOQpU9NA-E0kbw,Silas Bjerregaard,pop,13977.0,29875.0,88.0,5.0,104.0,6.0,350,158.82954545454547,17.333333333333332
UCIXJYY5zQusztPhXqnzlBHw,PLAYLISTYOU LATIN,latin,1.0,0.0,0.0,0.0,0.0,0.0,0,0.0,0.0
UCuZ-3S-sYojFwsolvH3UisA,nicozuviria,pop,12.0,2.0,3.0,0.0,0.0,0.0,228,4.0,0.0
UCKjGFWtm8Z_ANK_ejXH0kuA,The Abrams,country,22926.0,48124.0,92.0,21.0,272.0,13.0,3620,249.19565217391303,20.923076923076923
UCiyGKNCvFvWldieKA4dQ3zw,Das Pop,rock,11937.0,21586.0,17.0,3.0,106.0,6.0,277,702.1764705882352,17.666666666666668
UC1HcEUox5K31Zs7jdDcCfIw,Mess of Wires,rock,4336.0,10872.0,40.0,7.0,58.0,8.0,253,108.4,7.25
UCcKWrXwXLJJ2pcJeclFEjnw,DocuDynamics,latin,,,,,,,0,0.0,0.0
UCt3XspKWeV4R_dGa-jWVdEg,Darline,pop,3012.0,5391.0,13.0,0.0,34.0,5.0,602,231.69230769230768,6.8
UCxm11rMvAIGSBTST_Lsxp-Q,Post Animal,rock,89605.0,276923.0,1534.0,79.0,2019.0,36.0,13300,58.41264667535854,56.083333333333336
UClPB8yKfVZVk79Lv5GsQHPg,Mirosław Czyżykiewicz,pop,48432.0,143570.0,204.0,13.0,330.0,13.0,1150,237.41176470588235,25.384615384615383
UClc5Eis2-L2JCcN62jmD21w,Ciara,pop,46514319.0,91892336.0,453462.0,7702.0,548107.0,37145.0,5170000,102.57600195826772,14.755875622560238
UCm1s2VS9BdyXL9FU4a-W_cQ,Nipsey Hussle,urban,208294921.0,984433590.0,381014.0,46573.0,1381477.0,58521.0,2420000,546.6857412063599,23.606517318569402
UCyiF87k7RmDIa6BZQHlz97g,India Martínez Catálogo,latin,13658.0,29802.0,22.0,5.0,121.0,6.0,11200,620.8181818181819,20.166666666666668
UCWjbtqwzKQ0WOG_hKMncF3g,WatchTheLonelyForest,rock,15214.0,30970.0,48.0,18.0,189.0,20.0,1360,316.9583333333333,9.45
UCi9UaJYgO-dc0aiiRWDAakA,Sam Hatmaker,country,3579.0,5669.0,41.0,26.0,118.0,2.0,391,87.29268292682927,59.0
UCT3LN2SeSHEEWOGGeU_5vag,Kita Alexander,dance,233508.0,628419.0,639.0,61.0,1910.0,111.0,7010,365.42723004694835,17.207207207207208
UCp73ffsOnfY0RZtD3q1HeEw,Dyme-A-Duzin,urban,188443.0,393416.0,647.0,549.0,5437.0,117.0,36800,291.2565687789799,46.47008547008547
UCsfv4IrL5Xm0bj9HCWiYKYQ,DropKidOfficial,urban,2125.0,2868.0,13.0,2.0,32.0,-1.0,333,163.46153846153845,-32.0
UCaP-W0X3rp3U1lMedCHybtQ,Ashley McBryde,country,18660168.0,52759458.0,39799.0,3406.0,125139.0,8070.0,161000,468.8602226186588,15.506691449814127
UCOg9jPWX9820Ipd1e__nZeg,DeathByStereoband,metal,22627.0,44348.0,140.0,7.0,183.0,15.0,1340,161.62142857142857,12.2
UCTPGPRQWdzovgBgcOYIsyXw,OficialAlbertucho,rock,863.0,1832.0,14.0,0.0,15.0,0.0,127,61.642857142857146,0.0
UCJLD33K474ja0jSpuOzMjGA,Neon Trees,rock,382454.0,872511.0,31165.0,178.0,6491.0,149.0,331000,12.271907588641104,43.56375838926174
UCZ3vZfgvGSw_RtxQHmq_l9w,WhoHurtYou,pop,4948.0,7979.0,492.0,4.0,100.0,2.0,2850,10.05691056910569,50.0
UCEGJixZ73Cw3Kjy5fWODD3A,splashhband,rock,44286.0,95452.0,163.0,30.0,814.0,11.0,4630,271.69325153374234,74.0
UCWoybbeuxa4Ig5pfWIu2Abw,Johnson,pop,4248.0,6753.0,9.0,0.0,10.0,2.0,541,472.0,5.0
UCa-xU6FTqf76tL6Iu7kOe7Q,RAES,pop,8490.0,15833.0,36.0,26.0,148.0,6.0,97,235.83333333333334,24.666666666666668
UClRWQyQlfTiafuRZZ0U8J-Q,Ferret Music,metal,1656327.0,4052334.0,2398.0,793.0,17336.0,443.0,26000,690.7118432026689,39.13318284424379
UCjmgpU9OZwB1SZdzg5ngSDg,MemoriaDePezTV,pop,11566.0,25911.0,37.0,1.0,81.0,3.0,804,312.5945945945946,27.0
UCjEMe7t4p5YPXqqXRt6h7eA,There Is No Mountain,rock,4047.0,8995.0,23.0,7.0,57.0,1.0,548,175.95652173913044,57.0
UC5-gWZXAQqSGVfPHkA7NRiQ,Bebe Rexha,pop,303733949.0,664746616.0,960346.0,93589.0,3885867.0,106151.0,8920000,316.27553923273484,36.60697496961875
UCihfR9bbPcwuMS5Y7Uxc5dw,JayDaYoungan •,urban,124155413.0,287830642.0,216285.0,28508.0,1216451.0,38053.0,1260000,574.0361698684605,31.96728247444354
UClxL3F6F_PAODV_Zkf8nYiQ,Nathan Wiley,pop,3527.0,7519.0,39.0,5.0,58.0,1.0,82,90.43589743589743,58.0
UCZhj-UBDbvhXFEPUNXTb9-w,Vic Mirallas,urban,713244.0,1421412.0,2576.0,530.0,11567.0,292.0,12700,276.8804347826087,39.613013698630134
UCY8XzgmPflzpZEFczdGeIFA,JOE GIFTED,urban,154894.0,341571.0,635.0,146.0,2534.0,78.0,9240,243.9275590551181,32.48717948717949
UCW69xyNzQzvCNJ2_vyw8ZiQ,onlyILON,pop,77628.0,169126.0,462.0,104.0,1829.0,31.0,2880,168.02597402597402,59.0
UCOUV9PcN3V2B47blEoT1zeQ,Nik & Jay,pop,0.0,0.0,0.0,0.0,0.0,0.0,480,0.0,0.0
UCNeW8fX9JEyHvZBYI4WDQ3Q,Taya,urban,26397.0,49146.0,119.0,13.0,208.0,17.0,5920,221.8235294117647,12.235294117647058
UCvl3m1KCm3JCk9uYSvRcRLQ,Studio Caffe,pop,750.0,639.0,2.0,3.0,3.0,0.0,85,375.0,0.0
UCHpXxvLVYtGoFLgj-tmgE3A,Louisy Joseph Officiel,pop,230543.0,516317.0,550.0,68.0,1615.0,101.0,5640,419.1690909090909,15.990099009900991
UCqVbgXJ9HNWUjT_ChZRSe5w,Roadrunner Canada,metal,2452.0,5283.0,9.0,0.0,-19.0,1.0,7610,272.44444444444446,-19.0
UCarNrkLZREWeBw49EId_SDQ,Jamie,pop,4775558.0,10811152.0,88237.0,3373.0,159922.0,742.0,214000,54.12194430907669,215.52830188679246
UC6rZM25HJGKrylQlKrFYh9w,TheBlackLips,rock,205375.0,434784.0,996.0,142.0,2948.0,91.0,6940,206.19979919678715,32.395604395604394
UCinZCCF3IEnIqu1TrVI63UQ,Cyndi Lauper,pop,362464.0,727983.0,26.0,140.0,2553.0,135.0,3330,13940.923076923076,18.91111111111111
UC95Qg-xb1eN4dv7bVA6xmeA,Talk Talk band,rock,17828722.0,49562202.0,34481.0,6028.0,155249.0,5448.0,97700,517.0593080247093,28.49651248164464
UCCfKVjtb-x0RuI37yOJnXLQ,SEA,rock,187114.0,247236.0,2063.0,120.0,2833.0,80.0,56400,90.69995152690257,35.4125
UCIfoB77y20QeFq0aFoOZK6A,coreyhartofficial,pop,2226429.0,6426782.0,17664.0,827.0,24174.0,779.0,61800,126.04330842391305,31.03209242618742
UCuWg5vxusYL48_bUDuG04tg,Raya Real,latin,781322.0,1917443.0,1000.0,24.0,2749.0,179.0,13700,781.322,15.35754189944134
UCxKITjGwUMNSUvlBa9Rdrzg,DavidCavazosOficial,pop,184762.0,529757.0,3336.0,65.0,1557.0,31.0,25900,55.38429256594724,50.225806451612904
UCUaRrYUIJWOEvJU539e_HwQ,Perfect,rock,3393185.0,9478759.0,4581.0,394.0,18616.0,657.0,13800,740.708360619952,28.334855403348556
UCho87itAnvA8VH-B39AvHdw,Stu Larsen,rock,470988.0,1244931.0,2227.0,452.0,5380.0,127.0,19400,211.4898967220476,42.36220472440945
UC_u6lT3KKqi-G6dxbUcpSEQ,EskimoJoeMusic,rock,441236.0,1056849.0,1417.0,496.0,4856.0,173.0,7020,311.38743824982356,28.069364161849713
UCgJMQU7JOIoP-YnrhH_P-bA,Why Don't We,pop,129281429.0,315496210.0,457984.0,123028.0,2916462.0,30000.0,3870000,282.2837238855506,97.2154
UCcu_7xdBj7XdNDBCCXhP8gw,iam perto,dance,37537.0,56514.0,419.0,44.0,793.0,23.0,2080,89.5871121718377,34.47826086956522
UCEw-QL-G_SJhfaupB0WKMMw,Cashflow ENT,urban,973.0,1841.0,6.0,0.0,11.0,0.0,29,162.16666666666666,0.0
UC2FyrZlHJt7Al48h_99SGJA,Piotr Zioła,rock,543035.0,1651923.0,737.0,41.0,2503.0,142.0,18800,736.8181818181819,17.62676056338028
UC6lhmm819Eun89ZAE-W4l3A,Koblížc!,pop,108571.0,214657.0,183.0,31.0,674.0,58.0,6800,593.2841530054645,11.620689655172415
UC6OXwgKH_Uw9z_nYzIw1Sug,Gonçalo Guerra,pop,2097.0,3715.0,16.0,0.0,18.0,0.0,1260,131.0625,0.0
UCv9bnG14QgGhDOW_XJtDZ2w,oldcrowvideos,country,537290.0,1541749.0,9491.0,273.0,6342.0,429.0,41800,56.61047307975977,14.783216783216783
UCtxLb_Phhs24njb6sgvKWDA,Bajm,pop,2716530.0,7432923.0,12168.0,245.0,8784.0,589.0,31300,223.25197238658777,14.913412563667233
UCuBdv66Svl2XFqjxz3R8wHA,PattyTV,pop,7039869.0,9344226.0,10038.0,1166.0,33145.0,2349.0,168000,701.321876867902,14.110259684972329
UChcrhsMDYCTf8tcMwn2K5-w,Amir,urban,61613186.0,181372217.0,127420.0,10262.0,391420.0,16885.0,817000,483.54407471354574,23.181522061000887
UClr_zK3P0GVbA_C-4093niw,Anton Official,pop,12305.0,21030.0,136.0,24.0,169.0,3.0,545,90.4779411764706,56.333333333333336
UCFwM7mqRJQltXEduilGLHYg,Alvvays A,pop,3647173.0,9152652.0,14204.0,1317.0,60722.0,688.0,95100,256.7708392002253,88.25872093023256
UCwp9lm0va87m8PiH_LvAFGw,Hopium,pop,39715.0,117299.0,159.0,20.0,403.0,28.0,4390,249.77987421383648,14.392857142857142
UC3UzB1FK530U8mlB87jajaA,Pareslow,dance,3280.0,4860.0,17.0,3.0,34.0,0.0,49,192.94117647058823,0.0
UCCKVsIqMUuWKsU8BGUnE51A,Kayliahofficiel,urban,380.0,975.0,2.0,1.0,4.0,0.0,134,190.0,0.0
UCrgWiquB-NYsL3O6D-Lm9_A,Faith Hill,country,16239774.0,41539013.0,45693.0,3092.0,131725.0,5688.0,292000,355.41054428468254,23.158403656821378
UCkw3Wx_MKegD3Jm0hL0X6XA,Peso Da Mafia,urban,2019922.0,4963701.0,3699.0,351.0,21718.0,609.0,50400,546.0724520140578,35.66174055829228
UCaC6MYiWVx4oVNLE1FxvEmg,Ben Chandler,pop,1581987.0,3155074.0,1100.0,119.0,1996.0,47.0,1450,1438.17,42.46808510638298
UCNDv67gnz57BqtbNO8fYouA,My Life As Ali Thomas,rock,1504906.0,2721001.0,3362.0,612.0,10495.0,103.0,29400,447.622248661511,101.89320388349515
UCvE9U8758ox_muk2_lhHzKQ,EWELINA LISOWSKA OFFICIAL,pop,320110.0,662388.0,904.0,67.0,1618.0,79.0,5240,354.103982300885,20.481012658227847
UCrel63rCXl9evptflnKbPcQ,Alexandra TV,pop,2019951.0,4868028.0,4166.0,220.0,8995.0,387.0,27700,484.86581853096493,23.242894056847547
UCyCJIAc8PmAspEy0dbco8eA,Glitch Gyals,pop,102807.0,174973.0,716.0,30.0,1406.0,92.0,22500,143.58519553072625,15.282608695652174
UCdC1BdlCfIBgBhjN_yUbL_g,Bohema,pop,,,,,,,7,0.0,0.0
UCamMhSytMm91EJthLlq7AMA,NewBoyzTV,urban,5410613.0,10740896.0,17388.0,3116.0,112758.0,1637.0,311000,311.16936968023924,68.88087965791081
UCSKMuccyu8KTXCwRyicA_XA,thepissedjeans,metal,1028.0,1463.0,5.0,1.0,16.0,0.0,73,205.6,0.0
UCF2FLRdp7sG7VlHPZ_SN3wQ,Drew Sycamore,pop,1365368.0,3383203.0,2410.0,506.0,8112.0,329.0,3710,566.5427385892116,24.656534954407295
UCjW2tC5sPxJhHIOCG-nMyDA,hitsandboys,pop,8624.0,14200.0,11.0,2.0,31.0,6.0,92,784.0,5.166666666666667
UCtTFym1Wq_4OWcm9YJSPw1A,Sôber,rock,1752012.0,5971784.0,8926.0,1502.0,24729.0,417.0,37300,196.2818731794757,59.302158273381295
UCueyXRvwZy-kOgQ4iQ6k9Aw,hardfitv,rock,7146.0,15426.0,14.0,1.0,79.0,8.0,73,510.42857142857144,9.875
UCyBggvUMg-gM1XCSKT1wbQQ,Glitterbox,dance,8030380.0,99064606.0,24278.0,7269.0,115739.0,3576.0,110000,330.767773292693,32.36549217002237
UClo_l-QkSM8th3WaUiDjisg,Jack Gray,dance,254588.0,565797.0,1384.0,360.0,3606.0,67.0,2940,183.9508670520231,53.82089552238806
UCf2su0Eljvo9Uya9Ha1bhsA,Pa Salieu,urban,7800758.0,15436236.0,45279.0,5568.0,178425.0,2094.0,81000,172.2820291967579,85.20773638968481
UCkQwWeAJQ0ET787-nNC70PA,Edi Casabella,urban,2644.0,5890.0,0.0,1.0,27.0,3.0,177,0.0,9.0
UCK2a80QPFt-gXrkD0lkQXQA,gosslingmusic,pop,39281.0,86694.0,231.0,12.0,418.0,14.0,7140,170.04761904761904,29.857142857142858
UCVnuykyr2bytPGEaSLSfxcg,Show,country,,,,,,,0,0.0,0.0
UCGW91-ExDG5HolRaK59L6ng,Rondodasosa,urban,84183727.0,194978706.0,267041.0,35687.0,1214231.0,47961.0,423000,315.24644904715007,25.31704926919789
UC5r25vHHPqBUhNa358-2caQ,Avonlea,pop,223996.0,364576.0,2564.0,595.0,3237.0,107.0,84300,87.3619344773791,30.252336448598133
UCbGkxRgcnFTNNh3FDJOoJHA,Ronghao Li's Official Channel李榮浩官方專屬頻道,pop,40490329.0,151632480.0,53708.0,3683.0,162200.0,4812.0,293000,753.8975385417442,33.70739817123857
UC3vULc6NgmB8TT4qo6ENTgw,David Flama Oficial,pop,6.0,3.0,0.0,0.0,0.0,0.0,4,0.0,0.0
UCHu-c0aQ5GZT_jytQZvCoUw,Roman Tomeš,pop,545423.0,1435163.0,950.0,61.0,2770.0,101.0,4470,574.1294736842106,27.425742574257427
UCoRUmyNL8KEYftmxRA2n3SQ,Kelly Clarkson,pop,27581939.0,72381029.0,379757.0,12159.0,420424.0,7897.0,3650000,72.6304952904094,53.23844497910599
UC0ixS0vQvu2oskzHdmjoadw,Anteros Official,rock,67466.0,159063.0,428.0,100.0,1003.0,26.0,5030,157.63084112149534,38.57692307692308
UCdb-Qrty_qmM0jNX7lttW2w,Good Old War,rock,51029.0,114053.0,413.0,18.0,590.0,20.0,5540,123.55690072639226,29.5
UCkd5zaLO84p9BIW5yZnbtIQ,Triggerfinger,rock,1182839.0,3131546.0,4368.0,304.0,10509.0,283.0,27400,270.79647435897436,37.13427561837456
UCNatCkiamAkinKWB25fUAmQ,Sianna Officiel,urban,233117.0,455994.0,2102.0,153.0,3840.0,196.0,87200,110.90247383444338,19.591836734693878
UCt27MCKTkEqDyKQxRiimL5Q,Gerard Way,pop,2930790.0,6443802.0,30849.0,1288.0,61303.0,657.0,433000,95.00437615481863,93.30745814307458
UC8JETzqWNyTnAtwaq0_dl9A,Schlager für Alle,pop,133574452.0,633605820.0,139202.0,48850.0,984173.0,78923.0,488000,959.5727934943463,12.470040419142709
UCPgBq_PZP-_mvz6xuPyTRMw,rykodisc,rock,102179.0,208547.0,138.0,92.0,1659.0,30.0,2260,740.427536231884,55.3
UCY4OcRVRxoyfu0Y1sZgiufQ,Mr. Majoe,urban,327112.0,526159.0,4917.0,1040.0,13609.0,773.0,60500,66.52674394956274,17.60543337645537
UC1qcacefLefHvmNNlZeRynA,Xink,pop,51096.0,99525.0,0.0,1.0,37.0,10.0,194,0.0,3.7
UC1sdELOO1CKDJBOJlFtXBVg,belly,urban,0.0,0.0,3.0,0.0,0.0,0.0,89,0.0,0.0
UCvxu4PXbmxL7VrtpbSETURg,lafuga,rock,11187.0,25512.0,30.0,2.0,33.0,5.0,1630,372.9,6.6
UCFJWnOaQ2jT-dzC5AGHfU2Q,Postgirobygget,pop,,,,,,,57,0.0,0.0
UCC4vxWpMSKdJlUBC9Lw93Tg,Echo & the Bunnymen Videos,rock,2903017.0,9059733.0,6406.0,599.0,28915.0,852.0,37100,453.1715579144552,33.93779342723005
UCFZeqNrsp-RjfrgOKkVZm1w,Scar The Martyr,metal,196905.0,708695.0,2163.0,244.0,4279.0,126.0,32900,91.03328710124826,33.96031746031746
UCPmOFVAeEskSYbVd8dVCq8g,Kaneki Officiel,urban,1286151.0,2640431.0,8534.0,1027.0,32497.0,393.0,45700,150.70904616826812,82.68956743002545
UC3R5UkoYFxLC37ek0YRkrDw,Jamie Lawson,rock,513280.0,1142255.0,2422.0,157.0,5507.0,202.0,69200,211.92402972749792,27.262376237623762
UCw22kktxsSIwZs1NkVWhyZA,FuneralTube,metal,144744.0,327428.0,2586.0,103.0,1628.0,27.0,21800,55.97215777262181,60.2962962962963
UCV2qJkJjRLYCtO1iXNxAlDQ,Danger Mouse,rock,2679.0,7427.0,6.0,3.0,60.0,0.0,769,446.5,0.0
UCfSh6YPv5qf8p2QI-Q9k1QA,baxterdury,rock,0.0,0.0,0.0,0.0,0.0,0.0,86,0.0,0.0
UCuHOF18dKq6bl3Sr1Go6VLQ,Navii Officiel,pop,446007.0,1049255.0,1046.0,71.0,3611.0,162.0,34200,426.3929254302103,22.290123456790123
UCzXuo8PGa4AK3Pqj4iIF93A,Iggy Pop,rock,2468996.0,5698776.0,241.0,450.0,17585.0,558.0,8950,10244.796680497926,31.514336917562723
UCtqQTkNEmCL3Dn1CQ6LZjZw,Jak Lizard,pop,119669.0,194194.0,484.0,119.0,1043.0,82.0,1070,247.25,12.71951219512195
UC1ZB-YzrmN2gw-wM5uybFrw,Nubes de Malta,pop,107.0,172.0,1.0,0.0,0.0,0.0,57,107.0,0.0
UCoNhzD91NebOfKqc0KEZ_Qw,Robyn Ottolini,country,7406306.0,15410383.0,12837.0,1712.0,35164.0,4007.0,23400,576.9499104152061,8.77564262540554
UCSugZEYrWbzqIWGD195V-YA,OfficialGucciMane,urban,352648351.0,879786494.0,641037.0,106580.0,4294567.0,136601.0,4890000,550.121679403841,31.438766919715082
UCGP155PgD2D9tG8s1SEABnw,TheColorGrey,urban,134912.0,321608.0,427.0,83.0,1478.0,49.0,6850,315.95316159250586,30.163265306122447
UCXQwejZp8YMTXn5yH0rZp_A,COLOR CREATION,pop,1106871.0,2782842.0,6227.0,116.0,9354.0,236.0,41700,177.75349285370163,39.63559322033898
UCGyTHChIrC1PDTjs2lr_v3w,Erann DD,pop,1898.0,4226.0,7.0,0.0,8.0,0.0,33,271.14285714285717,0.0
UCfQKBWPoLXnP0gnnyTTN2Wg,caitlincrosby,pop,9247.0,16295.0,43.0,8.0,96.0,3.0,14300,215.04651162790697,32.0
UCpbKDbFjkfkqyDeEDmrLF3Q,Sara Evans,country,1647832.0,4456483.0,33611.0,1279.0,14350.0,805.0,366000,49.02656868287168,17.82608695652174
UCaH7BKgTTW5WIM8wFm2dlSA,Martine McCutcheon,dance,48.0,104.0,7.0,0.0,-1.0,0.0,151,6.857142857142857,0.0
UCq50wgcgnV72Nd4ioxLAVEg,livetuneplusChannel,pop,15543.0,37295.0,93.0,7.0,203.0,5.0,2200,167.1290322580645,40.6
UCWY75uWazCXwtobPO232qAA,Treize Block,urban,9081967.0,24577161.0,21156.0,852.0,64065.0,1942.0,328000,429.28564000756285,32.98918640576725
UCx7ARlfVHAGs2Qny_RvJbjw,Asco,urban,173783.0,333737.0,179.0,17.0,1564.0,73.0,846,970.8547486033519,21.424657534246574
UCBOyyqXdux-l7Q5bx8mvRxg,KRIT Eighth Floor,rock,68136.0,189101.0,287.0,36.0,712.0,15.0,5540,237.40766550522648,47.46666666666667
UCiVLSJ2MpNteP1oLYfu0VTw,Omar Apollo,pop,5382556.0,11763861.0,23573.0,2619.0,109237.0,1712.0,106000,228.3356382301786,63.80665887850467
UCyIU6uSJVxLnlbV1l_PrvSA,UM44k,dance,47758930.0,125740022.0,130394.0,4322.0,531362.0,8599.0,2730000,366.26631593478226,61.793464356320506
UCiNhPakx9VPiWHrRVk1jPQA,Silversun Pickups,metal,1923489.0,6427094.0,11708.0,838.0,20028.0,743.0,92600,164.2884352579433,26.955585464333783
UCpo-kpPMRkTzoMK31LgRPmg,Chanceko,urban,1150150.0,1642453.0,5428.0,696.0,15593.0,855.0,8520,211.89204126750184,18.237426900584797
UCF2z_ZFQdouHeQlVqPKPLWQ,ABIR,pop,2453007.0,4978734.0,18099.0,1290.0,61667.0,959.0,63000,135.5327366152826,64.30344108446299
UCpqkfDglatZKrpVrgWiUtGw,Chanti Darling Official,urban,702.0,1471.0,2.0,2.0,14.0,2.0,92,351.0,7.0
UCkV5xKZTOtQ2N_aIMRLJR1Q,Mike + The Mechanics,rock,11957676.0,39611413.0,24952.0,3759.0,93257.0,4491.0,68400,479.2271561397884,20.76530839456691
UCAWcTQlPfFaoZSVLiK8afOg,SundanceMusicChannel,rock,547.0,956.0,7.0,0.0,0.0,0.0,162,78.14285714285714,0.0
UC6voWVsvNB6eEAffBRjikiA,Roadrunner Records Italy,metal,220339.0,658577.0,241.0,72.0,2124.0,29.0,25300,914.2697095435684,73.24137931034483
UCLteo8WLkQSuQhBOuD5HOZQ,NameThePet,pop,408.0,709.0,4.0,1.0,10.0,1.0,171,102.0,10.0
UC2gMECGMn5TVbRN5S5tKb8Q,Christina Perri,pop,311095124.0,1072693420.0,601533.0,54700.0,2334557.0,57381.0,6200000,517.1705026989375,40.6851919624963
UCTaGAZrJk6Y5QtafxAXKK1g,Jaydee,dance,24335.0,33583.0,77.0,11.0,305.0,15.0,364,316.038961038961,20.333333333333332
UCoQJcz3rOY-CbzM-t4CRioQ,A R I Z O N A,pop,5008278.0,12723702.0,11783.0,876.0,40640.0,1090.0,158000,425.0426886191971,37.28440366972477
UCU5-gTdEOOrRShhRjUHyY9g,Mikko Harju,pop,975977.0,2754599.0,905.0,164.0,3884.0,224.0,9580,1078.4276243093923,17.339285714285715
UCXPNfRD_NtY_7F9ZBUy_3Rw,lek carabao,country,511794.0,1278589.0,2429.0,289.0,6201.0,188.0,103000,210.70152326060108,32.984042553191486
UC11pqmcvi8f6GdntAcvA7dg,Yamaha Entertainment Group,pop,107317.0,265821.0,719.0,69.0,1560.0,38.0,4690,149.2586926286509,41.05263157894737
UCODetjdmLtRqeT0c_hvqyVw,MadalenaTV,pop,0.0,0.0,0.0,0.0,0.0,0.0,157,0.0,0.0
UCOzAHnYUNftl7OXW5KAU2EQ,castofficial,rock,20682.0,46041.0,92.0,10.0,158.0,3.0,1120,224.80434782608697,52.666666666666664
UCayA0Z534jVutFaUeQ8AbTg,tigertownband,rock,87702.0,149266.0,154.0,45.0,905.0,24.0,3680,569.4935064935065,37.708333333333336
UCdvVM4jBnmAfvdFTrFHztiw,daathmusic,metal,6927.0,14462.0,59.0,1.0,78.0,2.0,1350,117.40677966101696,39.0
UCdWWMWdMyzheIyRsMxwbVEQ,DADARAY,urban,883669.0,2578150.0,8267.0,496.0,17881.0,141.0,41500,106.89113342203943,126.81560283687944
UCX4hKNlViKmjLJhZcd6CkOA,Liberator,latin,34.0,67.0,2.0,0.0,-3.0,0.0,69,17.0,0.0
UCxEbyGgpkDAgmidshWMZXiA,NovembersDoom1989,metal,116336.0,365731.0,618.0,95.0,2569.0,46.0,6820,188.24595469255664,55.84782608695652
UCSuEx43CkHhw1NldDxLxB9Q,DIAA Indonesia,pop,26124.0,59005.0,202.0,58.0,371.0,3.0,1500,129.32673267326732,123.66666666666667
UCVWcLFr8a-ZsobHlVZPKCDA,Akon,pop,14.0,5.0,6.0,0.0,0.0,0.0,1160,2.3333333333333335,0.0
UClHlt_Fl6LeyummgDk7-BVw,Wiktoria,pop,11946.0,30598.0,426.0,7.0,70.0,6.0,13200,28.04225352112676,11.666666666666666
UCBUEnHKNLuoZgYExM0CbJdQ,Harrison Brome,urban,165270.0,355823.0,359.0,78.0,1490.0,32.0,4430,460.36211699164346,46.5625
UCVV0m2FyZcOVIxWvycEhVVA,Nick Bonin,rock,1384274.0,3475595.0,5004.0,315.0,16753.0,414.0,17400,276.6334932054356,40.466183574879224
UCOa160TMShGFq0C0eNNHTmQ,Together Pangea,rock,702043.0,1520131.0,12098.0,432.0,7238.0,97.0,17700,58.029674326334934,74.61855670103093
UCr4ub8Buon9OO565g5IsaMA,JUDE曾若華,pop,3015302.0,9467565.0,5358.0,555.0,24928.0,745.0,21100,562.7663307204181,33.46040268456376
UCuzQ80bq1o0d20Dn70j4xsA,showmethemoneydj,dance,13439.0,27484.0,31.0,6.0,147.0,4.0,831,433.51612903225805,36.75
UCJ16f9U5vAqK0H_XxnA03QA,drjohn,urban,6627.0,6176.0,4.0,3.0,41.0,1.0,86,1656.75,41.0
UCamXysYHSo5ni82XjrlI7Mg,Whoa Music,urban,350691.0,869723.0,693.0,58.0,4174.0,95.0,1590,506.04761904761904,43.93684210526316
UCLM67XLcvP74yKksJOVb9wQ,DYLYN,rock,411149.0,680602.0,28167.0,272.0,11289.0,201.0,22900,14.59683317357191,56.16417910447761
UCactROsC5RQMUQku8E2xGGA,Kinetic,dance,3033.0,6527.0,8.0,0.0,17.0,0.0,180,379.125,0.0
UCBDbvGJCXEffPNh7RyMYTGQ,TheSSLYBY,pop,10035.0,17610.0,153.0,10.0,166.0,4.0,2090,65.58823529411765,41.5
UCO4idQrqeagVzzvl8v5h5Ag,Carl Noren,pop,295.0,455.0,2.0,0.0,4.0,0.0,23,147.5,0.0
UCHQzyxUB4CzJ6j_5Qggqb9w,MrSoundGr,urban,1476.0,2069.0,4.0,2.0,12.0,0.0,302,369.0,0.0
UC1tTNrhhmueBLmaSIH10Z4A,All The Young,rock,19271.0,40398.0,55.0,14.0,129.0,5.0,1120,350.3818181818182,25.8
UCnULPlEo9YWkhGR9kWaQYww,Doobie Brothers,rock,0.0,0.0,0.0,0.0,0.0,0.0,969,0.0,0.0
UCk4R6XW6Wcl3TQFLlvr28Yw,Allielofficiel,pop,1805310.0,4250882.0,2445.0,149.0,7079.0,715.0,14200,738.3680981595093,9.900699300699301
UCJnw4bTwCbEyw8Q_VDHIgqg,TeaVirallinen,pop,907341.0,1897068.0,923.0,0.0,1896.0,847.0,7760,983.0346695557963,2.2384887839433296
UC7N12swobgpECWEjhi4zm0w,thecabriolets,rock,2173.0,3870.0,13.0,2.0,49.0,0.0,314,167.15384615384616,0.0
UCpwZ4mD9ZI-6-I6zb32n6eA,Dominique A,rock,100693.0,212790.0,238.0,45.0,767.0,28.0,1180,423.0798319327731,27.392857142857142
UCKb-QotIdnfF9Lgm6sG3CbQ,brandyandrayjmusic,urban,1699.0,3514.0,4.0,0.0,19.0,0.0,91,424.75,0.0
UC6DEW8WJAz1T-qESPDfooRQ,Marc Seguí,pop,185887454.0,741131749.0,300181.0,24019.0,1731743.0,47993.0,339000,619.2512317568401,36.083241306023794
UCwld2avTZl_nxG2zOz0_Ihw,JJ Shiplett,country,63014.0,169827.0,248.0,30.0,629.0,66.0,1830,254.08870967741936,9.530303030303031
UCmlj__nBD3bd_ypnRNVu2gw,superreyesoficial,pop,2441851.0,6389954.0,4525.0,231.0,17366.0,491.0,21200,539.6355801104972,35.36863543788187
UCJePQ8lQi2HKNfnvwMmXhmQ,Highly Contrasting,dance,,,,,,,0,0.0,0.0
